"Name","Calls","TotalDurationNs","AverageNs","Percentage","MinNs","MaxNs","StdDev"
"extend_attention_wmma_n64_gfx1151",40,7161989820,179049745.500000,23.65,44704315,319217558,184862416.627955
"mxfp4_prefill_gate_wmma_gfx1151",320,3456035944,10800112.325000,11.41,10001228,12043832,391641.344061
"mxfp4_sgl_linear_prefill_wmma_gfx1151",360,2937155145,8158764.291667,9.70,1128965,16729895,6246838.869164
"recompute_w_u_fwd_kernel",150,2302986313,15353242.086667,7.60,35266,21649354,7770350.592108
"gdn_chunk_o_bv32_gfx1151",120,1335382371,11128186.425000,4.41,10976422,12179849,167656.393666
"_causal_conv1d_fwd_kernel",150,1304026097,8693507.313333,4.31,2685,11059179,4359822.093700
"mxfp4_prefill_down_wmma_gfx1151",160,1212906436,7580665.225000,4.00,7446978,7672522,36954.043455
"void at::native::indexFuncLargeIndex<float, long, unsigned int, 2, 2, -2, true, at::native::(anonymous namespace)::ReduceAdd>(at::cuda::detail::TensorInfo<float, unsigned int>, at::cuda::detail::TensorInfo<float const, unsigned int>, at::cuda::detail::TensorInfo<long const, unsigned int>, int, int, unsigned int, unsigned int, long, long, at::native::(anonymous namespace)::ReduceAdd const&, float)",160,1130556634,7065978.962500,3.73,6860835,7368430,111617.501525
"void at::native::elementwise_kernel_manual_unroll<128, 4, at::native::gpu_kernel_impl_nocast<at::native::BinaryFunctor<float, float, float, at::native::binary_internal::MulFunctor<float> > >(at::TensorIteratorBase&, at::native::BinaryFunctor<float, float, float, at::native::binary_internal::MulFunctor<float> > const&)::{lambda(int, bool)#1}>(int, at::native::gpu_kernel_impl_nocast<at::native::BinaryFunctor<float, float, float, at::native::binary_internal::MulFunctor<float> > >(at::TensorIteratorBase&, at::native::BinaryFunctor<float, float, float, at::native::binary_internal::MulFunctor<float> > const&)::{lambda(int, bool)#1})",1054,1096747350,1040557.258065,3.62,1563,4631118,1526423.690308
"chunk_gated_delta_rule_fwd_kernel_h_blockdim64",150,1058609199,7057394.660000,3.50,56386,9099448,3510218.133052
"chunk_gated_delta_rule_fwd_kkt_solve_kernel",150,974595249,6497301.660000,3.22,15108,8277101,3247859.335426
"void at::native::elementwise_kernel_manual_unroll<128, 8, at::native::gpu_kernel_impl_nocast<at::native::direct_copy_kernel_cuda(at::TensorIteratorBase&)::{lambda()#3}::operator()() const::{lambda()#1}::operator()() const::{lambda(unsigned char)#1}>(at::TensorIteratorBase&, at::native::direct_copy_kernel_cuda(at::TensorIteratorBase&)::{lambda()#3}::operator()() const::{lambda()#1}::operator()() const::{lambda(unsigned char)#1} const&)::{lambda(int, bool)#1}>(int, at::native::gpu_kernel_impl_nocast<at::native::direct_copy_kernel_cuda(at::TensorIteratorBase&)::{lambda()#3}::operator()() const::{lambda()#1}::operator()() const::{lambda(unsigned char)#1}>(at::TensorIteratorBase&, at::native::direct_copy_kernel_cuda(at::TensorIteratorBase&)::{lambda()#3}::operator()() const::{lambda()#1}::operator()() const::{lambda(unsigned char)#1} const&)::{lambda(int, bool)#1})",640,781547317,1221167.682813,2.58,1963,7434727,1712769.369650
"void at::native::vectorized_gather_kernel<16, long>(char*, char*, long*, int, long, long, long, long, bool)",164,771079401,4701703.664634,2.55,236405,4860069,703082.716626
"void at::native::vectorized_elementwise_kernel<4, at::native::bfloat16_copy_kernel_cuda(at::TensorIteratorBase&)::{lambda(float)#1}, std::array<char*, 2ul> >(int, at::native::bfloat16_copy_kernel_cuda(at::TensorIteratorBase&)::{lambda(float)#1}, std::array<char*, 2ul>)",1090,598652283,549222.277982,1.98,881,2669665,763985.434502
"Cijk_Alik_Bljk_BBS_BH_MT128x128x32_MI16x16x16x1_SN_1LDSB0_AMAS3_BL1_BS1_EPS1_GLVWA8_GLVWB8_GRVW8_GSU1_GSUASB_ISA1151_IU1_K1_KLA_LBSPPA128_LBSPPB128_LPA8_LPB8_LRVW16_MIAV1_MMFGLC_NLCA1_NLCB1_PGR1_PLR0_SIA1_SS1_SU0_SUS0_SVW2_TT4_64_TLDS1_UMLDSA1_UMLDSB1_USFGROn1_VAW1_VSn1_VW2_VWB2_WSGRA1_WSGRB1_WS32_WG32_4_1_WGM4",40,566419845,14160496.125000,1.87,13705440,14625612,206877.472031
"expert_activation_pack_gfx1151",160,404818448,2530115.300000,1.34,2469649,2616205,29537.109243
"Cijk_Alik_Bljk_BBS_BH_MT128x128x32_MI16x16x16x1_SN_1LDSB0_AMAS3_BL1_BS1_EPS1_GLVWA8_GLVWB8_GRVW8_GSU1_GSUASB_ISA1151_IU1_K1_KLA_LBSPPA128_LBSPPB128_LPA8_LPB8_LRVW16_MIAV1_MMFGLC_NLCA1_NLCB1_PGR1_PLR0_SIA1_SS1_SU32_SUS256_SVW2_TT4_64_TLDS1_UMLDSA1_UMLDSB1_USFGROn1_VAW1_VSn1_VW2_VWB2_WSGRA1_WSGRB1_WS32_WG32_4_1_WGM8",280,297132078,1061185.992857,0.9811,69851,1953157,854254.895584
"silu_mul_bf16_gfx1151",280,294962609,1053437.889286,0.9739,922,1860502,912780.136183
"Cijk_Alik_Bljk_BBS_BH_MT128x128x32_MI16x16x16x1_SN_1LDSB0_AMAS3_BL1_BS1_EPS1_GLVWA4_GLVWB4_GRVW4_GSU1_GSUASB_ISA1151_IU1_K1_KLA_LBSPPA128_LBSPPB128_LPA8_LPB8_LRVW16_MIAV1_MMFGLC_NLCA1_NLCB1_PGR1_PLR0_SIA1_SS1_SU32_SUS256_SVW2_TT4_64_TLDS1_UMLDSA1_UMLDSB1_USFGROn1_VAW1_VSn1_VW2_VWB2_WSGRA1_WSGRB1_WS32_WG32_4_1_WGM4",40,246607138,6165178.450000,0.8142,5930243,6666149,139782.365544
"qkvzba_split_copy_gfx1151",210,213264167,1015543.652381,0.7041,1002,1798185,880372.593461
"__amd_rocclr_copyBuffer",11840,198375511,16754.688429,0.6550,721,2621134,90599.333917
"void at::native::vectorized_elementwise_kernel<4, at::native::(anonymous namespace)::pow_tensor_scalar_kernel_impl<float, float>(at::TensorIteratorBase&, float)::{lambda(float)#1}, std::array<char*, 2ul> >(int, at::native::(anonymous namespace)::pow_tensor_scalar_kernel_impl<float, float>(at::TensorIteratorBase&, float)::{lambda(float)#1}, std::array<char*, 2ul>)",567,195756906,345250.275132,0.6463,722,637159,298348.429581
"void at::native::reduce_kernel<512, 1, at::native::ReduceOp<float, at::native::MeanOps<float, float, float, float>, unsigned int, float, 4, 4> >(at::native::ReduceOp<float, at::native::MeanOps<float, float, float, float>, unsigned int, float, 4, 4>)",567,185460909,327091.550265,0.6123,3125,632671,280365.941733
"Cijk_Alik_Bljk_BBS_BH_MT128x128x32_MI16x16x16x1_SN_1LDSB0_AMAS3_BL1_BS1_EPS1_GLVWA8_GLVWB8_GRVW8_GSU1_GSUASB_ISA1151_IU1_K1_KLA_LBSPPA128_LBSPPB128_LPA8_LPB8_LRVW16_MIAV1_MMFGLC_NLCA1_NLCB1_PGR1_PLR0_SIA1_SS1_SU0_SUS0_SVW2_TT4_64_TLDS1_UMLDSA1_UMLDSB1_USFGROn1_VAW1_VSn1_VW2_VWB2_WSGRA1_WSGRB1_WS32_WG32_4_1_WGM1",160,171208269,1070051.681250,0.5653,927265,1247709,62021.909294
"fused_qkv_split_gdn_prefill_kernel",150,151645534,1010970.226667,0.5007,962,1287744,506585.785290
"void at::native::vectorized_elementwise_kernel<8, at::native::CUDAFunctor_add<c10::BFloat16>, std::array<char*, 3ul> >(int, at::native::CUDAFunctor_add<c10::BFloat16>, std::array<char*, 3ul>)",560,140827504,251477.685714,0.4650,922,473371,217277.755118
"void at::native::vectorized_elementwise_kernel<4, at::native::bfloat16tofloat32_copy_kernel_cuda(at::TensorIteratorBase&)::{lambda(c10::BFloat16)#1}, std::array<char*, 2ul> >(int, at::native::bfloat16tofloat32_copy_kernel_cuda(at::TensorIteratorBase&)::{lambda(c10::BFloat16)#1}, std::array<char*, 2ul>)",1141,131841111,115548.738826,0.4353,801,443676,181515.095543
"Cijk_Alik_Bljk_BBS_BH_MT128x128x32_MI16x16x16x1_SN_1LDSB0_AMAS3_BL1_BS1_EPS1_GLVWA8_GLVWB8_GRVW8_GSU1_GSUASB_ISA1151_IU1_K1_KLA_LBSPPA128_LBSPPB128_LPA8_LPB8_LRVW16_MIAV1_MMFGLC_NLCA1_NLCB1_PGR1_PLR0_SIA1_SS1_SU0_SUS0_SVW2_TT4_64_TLDS1_UMLDSA1_UMLDSB1_USFGROn1_VAW1_VSn1_VW2_VWB2_WSGRA1_WSGRB1_WS32_WG32_4_1_WGM8",310,118392787,381912.216129,0.3909,93577,714865,248439.656590
"_layer_norm_fwd_1pass_kernel",210,108805136,518119.695238,0.3592,1362,920092,448244.556281
"_fused_gate_sigmoid_mul_add_kernel",280,92672728,330974.028571,0.3060,1362,594559,285714.449598
"Cijk_Alik_Bljk_BBS_BH_MT128x128x32_MI16x16x16x1_SN_1LDSB0_AMAS3_BL1_BS1_EPS1_GLVWA8_GLVWB8_GRVW8_GSU1_GSUASB_ISA1151_IU1_K1_KLA_LBSPPA128_LBSPPB128_LPA8_LPB8_LRVW16_MIAV1_MMFGLC_NLCA1_NLCB1_PGR1_PLR0_SIA3_SS1_SU0_SUS0_SVW2_TT4_64_TLDS1_UMLDSA1_UMLDSB1_USFGROn1_VAW1_VSn1_VW2_VWB2_WSGRA1_WSGRB1_WS32_WG32_4_1_WGM4",37,79715222,2154465.459459,0.2632,547551,8922998,3181063.610647
"void at::native::vectorized_elementwise_kernel<16, at::native::FillFunctor<unsigned char>, std::array<char*, 1ul> >(int, at::native::FillFunctor<unsigned char>, std::array<char*, 1ul>)",220,74004683,336384.922727,0.2443,1322,1201862,432171.582045
"l2norm_fwd_kernel",300,71052102,236840.340000,0.2346,1001,309583,118180.758274
"void at::native::vectorized_elementwise_kernel<8, at::native::FillFunctor<c10::BFloat16>, std::array<char*, 1ul> >(int, at::native::FillFunctor<c10::BFloat16>, std::array<char*, 1ul>)",1123,62456866,55616.087266,0.2062,601,760953,110862.731367
"void at::native::vectorized_elementwise_kernel<4, at::native::FillFunctor<float>, std::array<char*, 1ul> >(int, at::native::FillFunctor<float>, std::array<char*, 1ul>)",442,58664656,132725.466063,0.1937,801,6748985,465504.124678
"_fused_qk_gemma_rmsnorm_gate_kernel",70,51761551,739450.728571,0.1709,1843,1307422,643245.434175
"mxfp4_sgl_linear_decode_gfx1151",180,45576315,253201.750000,0.1505,170561,622332,82071.100888
"_fused_sigmoid_mul_kernel",70,36260344,518004.914286,0.1197,1122,961770,451129.741532
"mxfp4_decode_gate_gfx1151",240,20534139,85558.912500,0.0678,81674,241495,13985.110045
"_ZN7sgl_hip10activation18act_and_mul_kernelI14__hip_bfloat16TnPFT_RKS3_EXadL_Z4siluIS2_ES3_S5_EEEEvPS3_PS4_i",280,19161062,68432.364286,0.0633,1042,129804,58236.234438
"void at::native::tensor_kernel_scan_innermost_dim_with_indices<long, std::greater_equal<long> >(long const*, long*, long*, int, int, unsigned int, unsigned int, long, std::greater_equal<long>)",160,16953833,105961.456250,0.0560,102914,337916,18486.845321
"_triton_mrope_forward_fused",70,14165103,202358.614286,0.0468,2124,373423,174095.956437
"_fwd_grouped_kernel_stage1",20,14031854,701592.700000,0.0463,14147,1428690,703840.027066
"void (anonymous namespace)::store_kvcache<1024l, 2, false, long>((anonymous namespace)::StoreKVCacheParams)",70,9424545,134636.357143,0.0311,1563,237367,115713.246831
"_router_triton_kernel",280,7432430,26544.392857,0.0245,1844,50014,21068.927348
"mxfp4_decode_down_gfx1151",120,5802158,48351.316667,0.0192,46167,127721,7377.445276
"void at::native::(anonymous namespace)::CatArrayBatchedCopy_contig<at::native::(anonymous namespace)::OpaqueType<1u>, unsigned int, 2, 128, 1>(at::native::(anonymous namespace)::OpaqueType<1u>*, at::native::(anonymous namespace)::CatArrInputTensorMetadata<at::native::(anonymous namespace)::OpaqueType<1u>, unsigned int, 128, 1>, at::native::(anonymous namespace)::TensorSizeStride<unsigned int, 4u>, int, unsigned int)",60,5327671,88794.516667,0.0176,7374,175290,78125.140344
"chunk_local_cumsum_scalar_kernel",150,5131135,34207.566667,0.0169,1443,48010,16277.758045
"void rocprim::ROCPRIM_400400_NS::detail::trampoline_kernel<rocprim::ROCPRIM_400400_NS::default_config, rocprim::ROCPRIM_400400_NS::detail::merge_sort_block_merge_config_selector<int, at::cuda::cub::detail::OpaqueType<8> >, rocprim::ROCPRIM_400400_NS::detail::merge_sort_block_merge_impl<rocprim::ROCPRIM_400400_NS::default_config, int*, at::cuda::cub::detail::OpaqueType<8>*, unsigned int, rocprim::ROCPRIM_400400_NS::detail::radix_merge_compare<false, false, int, rocprim::ROCPRIM_400400_NS::identity_decomposer> >(int*, at::cuda::cub::detail::OpaqueType<8>*, unsigned int, unsigned int, rocprim::ROCPRIM_400400_NS::detail::radix_merge_compare<false, false, int, rocprim::ROCPRIM_400400_NS::identity_decomposer>, ihipStream_t*, bool, std::iterator_traits<int*>::value_type*, std::iterator_traits<at::cuda::cub::detail::OpaqueType<8>*>::value_type*, unsigned int*, rocprim::ROCPRIM_400400_NS::detail::vsmem_t)::{lambda(auto:1, auto:2, auto:3, auto:4)#1}::operator()<int*, int*, at::cuda::cub::detail::OpaqueType<8>*, at::cuda::cub::detail::OpaqueType<8>*>(int*, int*, at::cuda::cub::detail::OpaqueType<8>*, at::cuda::cub::detail::OpaqueType<8>*) const::{lambda(auto:1)#3}, rocprim::ROCPRIM_400400_NS::detail::comp_target<(rocprim::ROCPRIM_400400_NS::detail::gen)9, (rocprim::ROCPRIM_400400_NS::detail::target_arch)1100, (rocprim::ROCPRIM_400400_NS::detail::gpu)3, (rocprim::ROCPRIM_400400_NS::detail::rep)0>, rocprim::ROCPRIM_400400_NS::detail::merge_oddeven_config_static_selector, (rocprim::ROCPRIM_400400_NS::arch::wavefront::target)0>(rocprim::ROCPRIM_400400_NS::detail::merge_sort_block_merge_impl<rocprim::ROCPRIM_400400_NS::default_config, int*, at::cuda::cub::detail::OpaqueType<8>*, unsigned int, rocprim::ROCPRIM_400400_NS::detail::radix_merge_compare<false, false, int, rocprim::ROCPRIM_400400_NS::identity_decomposer> >(int*, at::cuda::cub::detail::OpaqueType<8>*, unsigned int, unsigned int, rocprim::ROCPRIM_400400_NS::detail::radix_merge_compare<false, false, int, rocprim::ROCPRIM_400400_NS::identity_decomposer>, ihipStream_t*, bool, std::iterator_traits<int*>::value_type*, std::iterator_traits<at::cuda::cub::detail::OpaqueType<8>*>::value_type*, unsigned int*, rocprim::ROCPRIM_400400_NS::detail::vsmem_t)::{lambda(auto:1, auto:2, auto:3, auto:4)#1}::operator()<int*, int*, at::cuda::cub::detail::OpaqueType<8>*, at::cuda::cub::detail::OpaqueType<8>*>(int*, int*, at::cuda::cub::detail::OpaqueType<8>*, at::cuda::cub::detail::OpaqueType<8>*) const::{lambda(auto:1)#3})",960,4970803,5177.919792,0.0164,4328,39515,2634.452504
"void at::native::elementwise_kernel_manual_unroll<128, 8, at::native::gpu_kernel_impl_nocast<at::native::direct_copy_kernel_cuda(at::TensorIteratorBase&)::{lambda()#3}::operator()() const::{lambda()#12}::operator()() const::{lambda(c10::BFloat16)#1}>(at::TensorIteratorBase&, at::native::direct_copy_kernel_cuda(at::TensorIteratorBase&)::{lambda()#3}::operator()() const::{lambda()#12}::operator()() const::{lambda(c10::BFloat16)#1} const&)::{lambda(int, bool)#1}>(int, at::native::gpu_kernel_impl_nocast<at::native::direct_copy_kernel_cuda(at::TensorIteratorBase&)::{lambda()#3}::operator()() const::{lambda()#12}::operator()() const::{lambda(c10::BFloat16)#1}>(at::TensorIteratorBase&, at::native::direct_copy_kernel_cuda(at::TensorIteratorBase&)::{lambda()#3}::operator()() const::{lambda()#12}::operator()() const::{lambda(c10::BFloat16)#1} const&)::{lambda(int, bool)#1})",40,4604791,115119.775000,0.0152,112131,120347,2363.360412
"void at::native::index_elementwise_kernel<128, 4, at::native::gpu_index_kernel<at::native::index_kernel_impl<at::native::OpaqueType<4> >(at::TensorIteratorBase&, c10::ArrayRef<long>, c10::ArrayRef<long>)::{lambda(char*, char const*, long)#1}>(at::TensorIteratorBase&, c10::ArrayRef<long>, c10::ArrayRef<long>, at::native::index_kernel_impl<at::native::OpaqueType<4> >(at::TensorIteratorBase&, c10::ArrayRef<long>, c10::ArrayRef<long>)::{lambda(char*, char const*, long)#1} const&, bool)::{lambda(int)#1}>(long, at::native::gpu_index_kernel<at::native::index_kernel_impl<at::native::OpaqueType<4> >(at::TensorIteratorBase&, c10::ArrayRef<long>, c10::ArrayRef<long>)::{lambda(char*, char const*, long)#1}>(at::TensorIteratorBase&, c10::ArrayRef<long>, c10::ArrayRef<long>, at::native::index_kernel_impl<at::native::OpaqueType<4> >(at::TensorIteratorBase&, c10::ArrayRef<long>, c10::ArrayRef<long>)::{lambda(char*, char const*, long)#1} const&, bool)::{lambda(int)#1})",127,4558328,35892.346457,0.0151,1803,45205,8328.302340
"Cijk_Alik_Bljk_BBS_BH_MT128x128x32_MI16x16x16x1_SN_1LDSB0_AMAS3_BL1_BS1_EPS1_GLVWA4_GLVWB4_GRVW4_GSU1_GSUASB_ISA1151_IU1_K1_KLA_LBSPPA128_LBSPPB128_LPA8_LPB8_LRVW16_MIAV1_MMFGLC_NLCA1_NLCB1_PGR1_PLR0_SIA1_SS1_SU0_SUS0_SVW2_TT4_64_TLDS1_UMLDSA1_UMLDSB1_USFGROn1_VAW1_VSn1_VW2_VWB2_WSGRA1_WSGRB1_WS32_WG32_4_1_WGM4",120,4513015,37608.458333,0.0149,32140,88406,5335.293649
"void at::native::index_elementwise_kernel<128, 4, at::native::gpu_index_kernel<at::native::index_put_kernel_impl<at::native::OpaqueType<4> >(at::TensorIterator&, c10::ArrayRef<long>, c10::ArrayRef<long>)::{lambda(char*, char const*, long)#1}>(at::TensorIteratorBase&, c10::ArrayRef<long>, c10::ArrayRef<long>, at::native::index_put_kernel_impl<at::native::OpaqueType<4> >(at::TensorIterator&, c10::ArrayRef<long>, c10::ArrayRef<long>)::{lambda(char*, char const*, long)#1} const&, bool)::{lambda(int)#1}>(long, at::native::gpu_index_kernel<at::native::index_put_kernel_impl<at::native::OpaqueType<4> >(at::TensorIterator&, c10::ArrayRef<long>, c10::ArrayRef<long>)::{lambda(char*, char const*, long)#1}>(at::TensorIteratorBase&, c10::ArrayRef<long>, c10::ArrayRef<long>, at::native::index_put_kernel_impl<at::native::OpaqueType<4> >(at::TensorIterator&, c10::ArrayRef<long>, c10::ArrayRef<long>)::{lambda(char*, char const*, long)#1} const&, bool)::{lambda(int)#1})",131,3293914,25144.381679,0.0109,3567,476176,51616.556943
"fused_gdn_gating_kernel",150,2793582,18623.880000,9.224e-03,1242,27612,8614.373231
"void at::native::elementwise_kernel_manual_unroll<128, 4, at::native::gpu_kernel_impl<at::native::direct_copy_kernel_cuda(at::TensorIteratorBase&)::{lambda()#3}::operator()() const::{lambda()#4}::operator()() const::{lambda(long)#1}>(at::TensorIteratorBase&, at::native::direct_copy_kernel_cuda(at::TensorIteratorBase&)::{lambda()#3}::operator()() const::{lambda()#4}::operator()() const::{lambda(long)#1} const&)::{lambda(int, bool)#1}>(int, at::native::gpu_kernel_impl<at::native::direct_copy_kernel_cuda(at::TensorIteratorBase&)::{lambda()#3}::operator()() const::{lambda()#4}::operator()() const::{lambda(long)#1}>(at::TensorIteratorBase&, at::native::direct_copy_kernel_cuda(at::TensorIteratorBase&)::{lambda()#3}::operator()() const::{lambda()#4}::operator()() const::{lambda(long)#1} const&)::{lambda(int, bool)#1})",307,2129844,6937.602606,7.032e-03,1322,55745,5061.472994
"void at::native::_scatter_gather_elementwise_kernel<256, 4, at::native::_cuda_scatter_gather_internal_kernel<false, at::native::OpaqueType<4>, long>::operator()<at::native::TensorAssign>(at::TensorIterator&, long, long, long, at::native::TensorAssign const&)::{lambda(int)#1}>(int, at::native::_cuda_scatter_gather_internal_kernel<false, at::native::OpaqueType<4>, long>::operator()<at::native::TensorAssign>(at::TensorIterator&, long, long, long, at::native::TensorAssign const&)::{lambda(int)#1})",160,2097110,13106.937500,6.924e-03,11141,18395,1987.751540
"void rocprim::ROCPRIM_400400_NS::detail::trampoline_kernel<rocprim::ROCPRIM_400400_NS::kernel_config<256u, 4u, 4294967295u>, rocprim::ROCPRIM_400400_NS::detail::radix_sort_block_sort_config_selector<int, at::cuda::cub::detail::OpaqueType<8> >, rocprim::ROCPRIM_400400_NS::detail::radix_sort_block_sort<rocprim::ROCPRIM_400400_NS::kernel_config<256u, 4u, 4294967295u>, false, int const*, int*, at::cuda::cub::detail::OpaqueType<8> const*, at::cuda::cub::detail::OpaqueType<8>*, rocprim::ROCPRIM_400400_NS::identity_decomposer>(int const*, int*, at::cuda::cub::detail::OpaqueType<8> const*, at::cuda::cub::detail::OpaqueType<8>*, unsigned int, unsigned int&, rocprim::ROCPRIM_400400_NS::identity_decomposer, unsigned int, unsigned int, ihipStream_t*, bool)::{lambda(auto:1)#1}, rocprim::ROCPRIM_400400_NS::detail::comp_target<(rocprim::ROCPRIM_400400_NS::detail::gen)9, (rocprim::ROCPRIM_400400_NS::detail::target_arch)1100, (rocprim::ROCPRIM_400400_NS::detail::gpu)3, (rocprim::ROCPRIM_400400_NS::detail::rep)0>, rocprim::ROCPRIM_400400_NS::detail::radix_sort_block_sort_config_static_selector, (rocprim::ROCPRIM_400400_NS::arch::wavefront::target)0>(rocprim::ROCPRIM_400400_NS::detail::radix_sort_block_sort<rocprim::ROCPRIM_400400_NS::kernel_config<256u, 4u, 4294967295u>, false, int const*, int*, at::cuda::cub::detail::OpaqueType<8> const*, at::cuda::cub::detail::OpaqueType<8>*, rocprim::ROCPRIM_400400_NS::identity_decomposer>(int const*, int*, at::cuda::cub::detail::OpaqueType<8> const*, at::cuda::cub::detail::OpaqueType<8>*, unsigned int, unsigned int&, rocprim::ROCPRIM_400400_NS::identity_decomposer, unsigned int, unsigned int, ihipStream_t*, bool)::{lambda(auto:1)#1})",160,1659758,10373.487500,5.480e-03,9097,75222,5369.403329
"void at::native::vectorized_elementwise_kernel<4, at::native::CUDAFunctorOnSelf_add<float>, std::array<char*, 2ul> >(int, at::native::CUDAFunctorOnSelf_add<float>, std::array<char*, 2ul>)",1134,1548441,1365.468254,5.113e-03,721,9498,1155.573921
"fused_recurrent_gated_delta_rule_packed_decode_kernel",60,1399911,23331.850000,4.622e-03,20118,50816,4836.793082
"void at::native::vectorized_elementwise_kernel<4, at::native::rsqrt_kernel_cuda(at::TensorIteratorBase&)::{lambda()#2}::operator()() const::{lambda()#2}::operator()() const::{lambda(float)#1}, std::array<char*, 2ul> >(int, at::native::rsqrt_kernel_cuda(at::TensorIteratorBase&)::{lambda()#2}::operator()() const::{lambda()#2}::operator()() const::{lambda(float)#1}, std::array<char*, 2ul>)",567,1015966,1791.827160,3.354e-03,1042,9578,1080.226340
"void at::native::(anonymous namespace)::CatArrayBatchedCopy_contig<at::native::(anonymous namespace)::OpaqueType<4u>, unsigned int, 2, 128, 1>(at::native::(anonymous namespace)::OpaqueType<4u>*, at::native::(anonymous namespace)::CatArrInputTensorMetadata<at::native::(anonymous namespace)::OpaqueType<4u>, unsigned int, 128, 1>, at::native::(anonymous namespace)::TensorSizeStride<unsigned int, 4u>, int, unsigned int)",3,878975,292991.666667,2.902e-03,21481,728090,380650.447569
"void rocprim::ROCPRIM_400400_NS::detail::trampoline_kernel<rocprim::ROCPRIM_400400_NS::default_config, rocprim::ROCPRIM_400400_NS::detail::scan_config_selector<long>, rocprim::ROCPRIM_400400_NS::detail::scan_impl<(rocprim::ROCPRIM_400400_NS::detail::lookback_scan_determinism)0, false, false, rocprim::ROCPRIM_400400_NS::default_config, long const*, long*, long, std::plus<long>, long>(void*, unsigned long&, long const*, long*, long, unsigned long, std::plus<long>, ihipStream_t*, bool)::{lambda(auto:1, auto:2)#1}::operator()<std::integral_constant<bool, false>, std::integral_constant<bool, false> >(std::integral_constant<bool, false>, std::integral_constant<bool, false>) const::{lambda(auto:1)#1}, rocprim::ROCPRIM_400400_NS::detail::comp_target<(rocprim::ROCPRIM_400400_NS::detail::gen)9, (rocprim::ROCPRIM_400400_NS::detail::target_arch)1100, (rocprim::ROCPRIM_400400_NS::detail::gpu)3, (rocprim::ROCPRIM_400400_NS::detail::rep)0>, rocprim::ROCPRIM_400400_NS::detail::default_config_static_selector, (rocprim::ROCPRIM_400400_NS::arch::wavefront::target)0>(rocprim::ROCPRIM_400400_NS::detail::scan_impl<(rocprim::ROCPRIM_400400_NS::detail::lookback_scan_determinism)0, false, false, rocprim::ROCPRIM_400400_NS::default_config, long const*, long*, long, std::plus<long>, long>(void*, unsigned long&, long const*, long*, long, unsigned long, std::plus<long>, ihipStream_t*, bool)::{lambda(auto:1, auto:2)#1}::operator()<std::integral_constant<bool, false>, std::integral_constant<bool, false> >(std::integral_constant<bool, false>, std::integral_constant<bool, false>) const::{lambda(auto:1)#1})",160,816063,5100.393750,2.694e-03,4408,18875,1596.929739
"void at::native::vectorized_elementwise_kernel<4, at::native::CUDAFunctor_add<long>, std::array<char*, 3ul> >(int, at::native::CUDAFunctor_add<long>, std::array<char*, 3ul>)",320,792417,2476.303125,2.616e-03,1482,8536,1367.386925
"void at::native::vectorized_elementwise_kernel<4, at::native::AUnaryFunctor<long, long, long, at::native::BitwiseAndFunctor<long> >, std::array<char*, 2ul> >(int, at::native::AUnaryFunctor<long, long, long, at::native::BitwiseAndFunctor<long> >, std::array<char*, 2ul>)",320,642055,2006.421875,2.120e-03,1443,9738,1230.962253
"void at::native::_scatter_gather_elementwise_kernel<256, 4, at::native::_cuda_scatter_gather_internal_kernel<true, at::native::OpaqueType<4>, long>::operator()<at::native::TensorAssign>(at::TensorIterator&, long, long, long, at::native::TensorAssign const&)::{lambda(int)#1}>(int, at::native::_cuda_scatter_gather_internal_kernel<true, at::native::OpaqueType<4>, long>::operator()<at::native::TensorAssign>(at::TensorIterator&, long, long, long, at::native::TensorAssign const&)::{lambda(int)#1})",160,631465,3946.656250,2.085e-03,3126,11101,1462.844171
"_fwd_kernel",10,595802,59580.200000,1.967e-03,58230,61155,817.056206
"__amd_rocclr_fillBufferAligned",256,547273,2137.785156,1.807e-03,1001,108083,6780.240020
"write_req_to_token_pool_triton",5,514608,102921.600000,1.699e-03,12183,246544,106380.002098
"void at::native::index_elementwise_kernel<128, 4, at::native::gpu_index_kernel<at::native::index_kernel_impl<at::native::OpaqueType<2> >(at::TensorIteratorBase&, c10::ArrayRef<long>, c10::ArrayRef<long>)::{lambda(char*, char const*, long)#1}>(at::TensorIteratorBase&, c10::ArrayRef<long>, c10::ArrayRef<long>, at::native::index_kernel_impl<at::native::OpaqueType<2> >(at::TensorIteratorBase&, c10::ArrayRef<long>, c10::ArrayRef<long>)::{lambda(char*, char const*, long)#1} const&, bool)::{lambda(int)#1}>(long, at::native::gpu_index_kernel<at::native::index_kernel_impl<at::native::OpaqueType<2> >(at::TensorIteratorBase&, c10::ArrayRef<long>, c10::ArrayRef<long>)::{lambda(char*, char const*, long)#1}>(at::TensorIteratorBase&, c10::ArrayRef<long>, c10::ArrayRef<long>, at::native::index_kernel_impl<at::native::OpaqueType<2> >(at::TensorIteratorBase&, c10::ArrayRef<long>, c10::ArrayRef<long>)::{lambda(char*, char const*, long)#1} const&, bool)::{lambda(int)#1})",125,497538,3980.304000,1.643e-03,2805,8496,1915.974738
"void at::native::elementwise_kernel_manual_unroll<128, 4, at::native::gpu_kernel_impl_nocast<at::native::(anonymous namespace)::where_kernel_impl(at::TensorIterator&)::{lambda()#1}::operator()() const::{lambda()#8}::operator()() const::{lambda(bool, long, long)#1}>(at::TensorIteratorBase&, at::native::(anonymous namespace)::where_kernel_impl(at::TensorIterator&)::{lambda()#1}::operator()() const::{lambda()#8}::operator()() const::{lambda(bool, long, long)#1} const&)::{lambda(int, bool)#1}>(int, at::native::gpu_kernel_impl_nocast<at::native::(anonymous namespace)::where_kernel_impl(at::TensorIterator&)::{lambda()#1}::operator()() const::{lambda()#8}::operator()() const::{lambda(bool, long, long)#1}>(at::TensorIteratorBase&, at::native::(anonymous namespace)::where_kernel_impl(at::TensorIterator&)::{lambda()#1}::operator()() const::{lambda()#8}::operator()() const::{lambda(bool, long, long)#1} const&)::{lambda(int, bool)#1})",160,493692,3085.575000,1.630e-03,2325,13666,1623.073444
"void at::native::vectorized_elementwise_kernel<4, at::native::BUnaryFunctor<long, long, long, at::native::binary_internal::div_floor_kernel_cuda(at::TensorIteratorBase&)::{lambda()#1}::operator()() const::{lambda()#4}::operator()() const::{lambda(long, long)#1}>, std::array<char*, 2ul> >(int, at::native::BUnaryFunctor<long, long, long, at::native::binary_internal::div_floor_kernel_cuda(at::TensorIteratorBase&)::{lambda()#1}::operator()() const::{lambda()#4}::operator()() const::{lambda(long, long)#1}>, std::array<char*, 2ul>)",164,483034,2945.329268,1.595e-03,1643,8136,752.382613
"void at::native::index_elementwise_kernel<128, 4, at::native::gpu_index_kernel<at::native::index_put_kernel_impl<at::native::OpaqueType<2> >(at::TensorIterator&, c10::ArrayRef<long>, c10::ArrayRef<long>)::{lambda(char*, char const*, long)#1}>(at::TensorIteratorBase&, c10::ArrayRef<long>, c10::ArrayRef<long>, at::native::index_put_kernel_impl<at::native::OpaqueType<2> >(at::TensorIterator&, c10::ArrayRef<long>, c10::ArrayRef<long>)::{lambda(char*, char const*, long)#1} const&, bool)::{lambda(int)#1}>(long, at::native::gpu_index_kernel<at::native::index_put_kernel_impl<at::native::OpaqueType<2> >(at::TensorIterator&, c10::ArrayRef<long>, c10::ArrayRef<long>)::{lambda(char*, char const*, long)#1}>(at::TensorIteratorBase&, c10::ArrayRef<long>, c10::ArrayRef<long>, at::native::index_put_kernel_impl<at::native::OpaqueType<2> >(at::TensorIterator&, c10::ArrayRef<long>, c10::ArrayRef<long>)::{lambda(char*, char const*, long)#1} const&, bool)::{lambda(int)#1})",120,454977,3791.475000,1.502e-03,2725,12303,2013.882992
"void at::native::vectorized_elementwise_kernel<4, at::native::compare_scalar_kernel<int>(at::TensorIteratorBase&, at::native::(anonymous namespace)::OpType, int)::{lambda(int)#1}, std::array<char*, 2ul> >(int, at::native::compare_scalar_kernel<int>(at::TensorIteratorBase&, at::native::(anonymous namespace)::OpType, int)::{lambda(int)#1}, std::array<char*, 2ul>)",150,426682,2844.546667,1.409e-03,1803,9297,858.467712
"void at::native::vectorized_elementwise_kernel<4, at::native::cos_kernel_cuda(at::TensorIteratorBase&)::{lambda()#2}::operator()() const::{lambda()#2}::operator()() const::{lambda(float)#1}, std::array<char*, 2ul> >(int, at::native::cos_kernel_cuda(at::TensorIteratorBase&)::{lambda()#2}::operator()() const::{lambda()#2}::operator()() const::{lambda(float)#1}, std::array<char*, 2ul>)",3,420191,140063.666667,1.387e-03,10260,382680,210283.588091
"void at::native::vectorized_elementwise_kernel<4, at::native::FillFunctor<long>, std::array<char*, 1ul> >(int, at::native::FillFunctor<long>, std::array<char*, 1ul>)",175,365457,2088.325714,1.207e-03,881,90932,7087.986793
"void (anonymous namespace)::elementwise_kernel_with_index<int, at::native::arange_cuda_out(c10::Scalar const&, c10::Scalar const&, c10::Scalar const&, at::Tensor&)::{lambda()#1}::operator()() const::{lambda()#4}::operator()() const::{lambda(long)#1}>(int, at::native::arange_cuda_out(c10::Scalar const&, c10::Scalar const&, c10::Scalar const&, at::Tensor&)::{lambda()#1}::operator()() const::{lambda()#4}::operator()() const::{lambda(long)#1}, function_traits<at::native::arange_cuda_out(c10::Scalar const&, c10::Scalar const&, c10::Scalar const&, at::Tensor&)::{lambda()#1}::operator()() const::{lambda()#4}::operator()() const::{lambda(long)#1}>::result_type*)",166,334873,2017.307229,1.106e-03,1442,9578,1516.856609
"void at::native::vectorized_elementwise_kernel<4, at::native::AUnaryFunctor<long, long, long, at::native::binary_internal::MulFunctor<long> >, std::array<char*, 2ul> >(int, at::native::AUnaryFunctor<long, long, long, at::native::binary_internal::MulFunctor<long> >, std::array<char*, 2ul>)",164,324898,1981.085366,1.073e-03,1283,6732,1280.474320
"void at::native::vectorized_elementwise_kernel<4, at::native::sin_kernel_cuda(at::TensorIteratorBase&)::{lambda()#2}::operator()() const::{lambda()#2}::operator()() const::{lambda(float)#1}, std::array<char*, 2ul> >(int, at::native::sin_kernel_cuda(at::TensorIteratorBase&)::{lambda()#2}::operator()() const::{lambda()#2}::operator()() const::{lambda(float)#1}, std::array<char*, 2ul>)",3,323970,107990.000000,1.070e-03,3767,294795,162139.335878
"void at::native::vectorized_elementwise_kernel<4, at::native::CUDAFunctorOnSelf_add<long>, std::array<char*, 2ul> >(int, at::native::CUDAFunctorOnSelf_add<long>, std::array<char*, 2ul>)",183,322049,1759.830601,1.063e-03,841,9017,1029.471783
"at::native::(anonymous namespace)::fill_reverse_indices_kernel(long*, int, at::cuda::detail::IntDivider<unsigned int>)",160,322015,2012.593750,1.063e-03,1562,34795,2710.097694
"void at::native::vectorized_elementwise_kernel<4, at::native::BinaryFunctor<float, float, float, at::native::binary_internal::MulFunctor<float> >, std::array<char*, 3ul> >(int, at::native::BinaryFunctor<float, float, float, at::native::binary_internal::MulFunctor<float> >, std::array<char*, 3ul>)",243,298079,1226.662551,9.842e-04,841,8416,1098.661094
"void at::native::unrolled_elementwise_kernel<at::native::BinaryFunctor<int, int, bool, at::native::(anonymous namespace)::CompareEqFunctor<int> >, std::array<char*, 3ul>, 4, TrivialOffsetCalculator<2, unsigned int>, TrivialOffsetCalculator<1, unsigned int>, at::native::memory::LoadWithoutCast, at::native::memory::StoreWithoutCast>(int, at::native::BinaryFunctor<int, int, bool, at::native::(anonymous namespace)::CompareEqFunctor<int> >, std::array<char*, 3ul>, TrivialOffsetCalculator<2, unsigned int>, TrivialOffsetCalculator<1, unsigned int>, at::native::memory::LoadWithoutCast, at::native::memory::StoreWithoutCast)",160,290756,1817.225000,9.600e-04,1522,8306,956.753367
"void at::native::vectorized_elementwise_kernel<4, at::native::FillFunctor<int>, std::array<char*, 1ul> >(int, at::native::FillFunctor<int>, std::array<char*, 1ul>)",167,275550,1650.000000,9.098e-04,881,45887,3688.553738
"void at::native::vectorized_elementwise_kernel<16, at::native::FillFunctor<bool>, std::array<char*, 1ul> >(int, at::native::FillFunctor<bool>, std::array<char*, 1ul>)",161,271466,1686.124224,8.963e-04,1202,9377,1053.958507
"void at::native::vectorized_elementwise_kernel<4, at::native::AUnaryFunctor<long, long, bool, at::native::(anonymous namespace)::CompareEqFunctor<long> >, std::array<char*, 2ul> >(int, at::native::AUnaryFunctor<long, long, bool, at::native::(anonymous namespace)::CompareEqFunctor<long> >, std::array<char*, 2ul>)",161,261902,1626.720497,8.647e-04,1242,8456,1041.656045
"void at::native::vectorized_elementwise_kernel<16, at::native::BinaryFunctor<bool, bool, bool, at::native::BitwiseOrFunctor<bool> >, std::array<char*, 3ul> >(int, at::native::BinaryFunctor<bool, bool, bool, at::native::BitwiseOrFunctor<bool> >, std::array<char*, 3ul>)",160,251641,1572.756250,8.309e-04,1162,6292,1102.440944
"_causal_conv1d_update_kernel",60,207554,3459.233333,6.853e-04,2645,12744,1992.541145
"void at::native::vectorized_elementwise_kernel<8, at::native::CUDAFunctorOnSelf_add<c10::BFloat16>, std::array<char*, 2ul> >(int, at::native::CUDAFunctorOnSelf_add<c10::BFloat16>, std::array<char*, 2ul>)",101,206705,2046.584158,6.825e-04,1041,8656,1856.932240
"void at::native::index_elementwise_kernel<128, 4, at::native::gpu_index_kernel<at::native::index_put_kernel_impl<at::native::OpaqueType<8> >(at::TensorIterator&, c10::ArrayRef<long>, c10::ArrayRef<long>)::{lambda(char*, char const*, long)#1}>(at::TensorIteratorBase&, c10::ArrayRef<long>, c10::ArrayRef<long>, at::native::index_put_kernel_impl<at::native::OpaqueType<8> >(at::TensorIterator&, c10::ArrayRef<long>, c10::ArrayRef<long>)::{lambda(char*, char const*, long)#1} const&, bool)::{lambda(int)#1}>(long, at::native::gpu_index_kernel<at::native::index_put_kernel_impl<at::native::OpaqueType<8> >(at::TensorIterator&, c10::ArrayRef<long>, c10::ArrayRef<long>)::{lambda(char*, char const*, long)#1}>(at::TensorIteratorBase&, c10::ArrayRef<long>, c10::ArrayRef<long>, at::native::index_put_kernel_impl<at::native::OpaqueType<8> >(at::TensorIterator&, c10::ArrayRef<long>, c10::ArrayRef<long>)::{lambda(char*, char const*, long)#1} const&, bool)::{lambda(int)#1})",19,204667,10771.947368,6.758e-04,1684,140304,31508.853792
"chunk_fwd_kernel_o",30,199097,6636.566667,6.574e-04,5730,24967,3474.753980
"void rocprim::ROCPRIM_400400_NS::detail::init_lookback_scan_state_kernel<rocprim::ROCPRIM_400400_NS::detail::lookback_scan_state<long, false, true>, rocprim::ROCPRIM_400400_NS::detail::block_id_wrapper<unsigned int, false> >(rocprim::ROCPRIM_400400_NS::detail::lookback_scan_state<long, false, true>, unsigned int, rocprim::ROCPRIM_400400_NS::detail::block_id_wrapper<unsigned int, false>, unsigned int, rocprim::ROCPRIM_400400_NS::detail::lookback_scan_state<long, false, true>::value_type*)",160,193159,1207.243750,6.378e-04,881,7093,948.244009
"void at::native::elementwise_kernel_manual_unroll<128, 4, at::native::gpu_kernel_impl<at::native::direct_copy_kernel_cuda(at::TensorIteratorBase&)::{lambda()#3}::operator()() const::{lambda()#3}::operator()() const::{lambda(int)#1}>(at::TensorIteratorBase&, at::native::direct_copy_kernel_cuda(at::TensorIteratorBase&)::{lambda()#3}::operator()() const::{lambda()#3}::operator()() const::{lambda(int)#1} const&)::{lambda(int, bool)#1}>(int, at::native::gpu_kernel_impl<at::native::direct_copy_kernel_cuda(at::TensorIteratorBase&)::{lambda()#3}::operator()() const::{lambda()#3}::operator()() const::{lambda(int)#1}>(at::TensorIteratorBase&, at::native::direct_copy_kernel_cuda(at::TensorIteratorBase&)::{lambda()#3}::operator()() const::{lambda()#3}::operator()() const::{lambda(int)#1} const&)::{lambda(int, bool)#1})",17,164713,9689.000000,5.438e-04,1803,26330,8519.732420
"void at::native::(anonymous namespace)::distribution_elementwise_grid_stride_kernel<float, 4, at::native::templates::cuda::uniform_and_transform<c10::BFloat16, float, at::CUDAGeneratorImpl*, at::native::templates::cuda::uniform_kernel<at::CUDAGeneratorImpl*>(at::TensorIteratorBase&, double, double, at::CUDAGeneratorImpl*)::{lambda()#1}::operator()() const::{lambda()#4}::operator()() const::{lambda(float)#1}>(at::TensorIteratorBase&, at::CUDAGeneratorImpl*, at::native::templates::cuda::uniform_kernel<at::CUDAGeneratorImpl*>(at::TensorIteratorBase&, double, double, at::CUDAGeneratorImpl*)::{lambda()#1}::operator()() const::{lambda()#4}::operator()() const::{lambda(float)#1})::{lambda(hiprandStatePhilox4_32_10*)#2}, at::native::(anonymous namespace)::distribution_nullary_kernel<c10::BFloat16, float, HIP_vector_type<float, 4u>, at::CUDAGeneratorImpl*, at::native::templates::cuda::uniform_and_transform<c10::BFloat16, float, at::CUDAGeneratorImpl*, at::native::templates::cuda::uniform_kernel<at::CUDAGeneratorImpl*>(at::TensorIteratorBase&, double, double, at::CUDAGeneratorImpl*)::{lambda()#1}::operator()() const::{lambda()#4}::operator()() const::{lambda(float)#1}>(at::TensorIteratorBase&, at::CUDAGeneratorImpl*, at::native::templates::cuda::uniform_kernel<at::CUDAGeneratorImpl*>(at::TensorIteratorBase&, double, double, at::CUDAGeneratorImpl*)::{lambda()#1}::operator()() const::{lambda()#4}::operator()() const::{lambda(float)#1})::{lambda(hiprandStatePhilox4_32_10*)#2}, at::native::templates::cuda::uniform_kernel<at::CUDAGeneratorImpl*>(at::TensorIteratorBase&, double, double, at::CUDAGeneratorImpl*)::{lambda()#1}::operator()() const::{lambda()#4}::operator()() const::{lambda(float)#1}>(at::TensorIteratorBase&, at::CUDAGeneratorImpl*, at::native::templates::cuda::uniform_and_transform<c10::BFloat16, float, at::CUDAGeneratorImpl*, at::native::templates::cuda::uniform_kernel<at::CUDAGeneratorImpl*>(at::TensorIteratorBase&, double, double, at::CUDAGeneratorImpl*)::{lambda()#1}::operator()() const::{lambda()#4}::operator()() const::{lambda(float)#1}>(at::TensorIteratorBase&, at::CUDAGeneratorImpl*, at::native::templates::cuda::uniform_kernel<at::CUDAGeneratorImpl*>(at::TensorIteratorBase&, double, double, at::CUDAGeneratorImpl*)::{lambda()#1}::operator()() const::{lambda()#4}::operator()() const::{lambda(float)#1})::{lambda(hiprandStatePhilox4_32_10*)#2} const&, at::native::templates::cuda::uniform_kernel<at::CUDAGeneratorImpl*>(at::TensorIteratorBase&, double, double, at::CUDAGeneratorImpl*)::{lambda()#1}::operator()() const::{lambda()#4}::operator()() const::{lambda(float)#1})::{lambda(int, float)#1}>(long, at::PhiloxCudaState, at::native::templates::cuda::uniform_and_transform<c10::BFloat16, float, at::CUDAGeneratorImpl*, at::native::templates::cuda::uniform_kernel<at::CUDAGeneratorImpl*>(at::TensorIteratorBase&, double, double, at::CUDAGeneratorImpl*)::{lambda()#1}::operator()() const::{lambda()#4}::operator()() const::{lambda(float)#1}>(at::TensorIteratorBase&, at::CUDAGeneratorImpl*, at::native::templates::cuda::uniform_kernel<at::CUDAGeneratorImpl*>(at::TensorIteratorBase&, double, double, at::CUDAGeneratorImpl*)::{lambda()#1}::operator()() const::{lambda()#4}::operator()() const::{lambda(float)#1})::{lambda(hiprandStatePhilox4_32_10*)#2}, at::native::(anonymous namespace)::distribution_nullary_kernel<c10::BFloat16, float, HIP_vector_type<float, 4u>, at::CUDAGeneratorImpl*, at::native::templates::cuda::uniform_and_transform<c10::BFloat16, float, at::CUDAGeneratorImpl*, at::native::templates::cuda::uniform_kernel<at::CUDAGeneratorImpl*>(at::TensorIteratorBase&, double, double, at::CUDAGeneratorImpl*)::{lambda()#1}::operator()() const::{lambda()#4}::operator()() const::{lambda(float)#1}>(at::TensorIteratorBase&, at::CUDAGeneratorImpl*, at::native::templates::cuda::uniform_kernel<at::CUDAGeneratorImpl*>(at::TensorIteratorBase&, double, double, at::CUDAGeneratorImpl*)::{lambda()#1}::operator()() const::{lambda()#4}::operator()() const::{lambda(float)#1})::{lambda(hiprandStatePhilox4_32_10*)#2}, at::native::templates::cuda::uniform_kernel<at::CUDAGeneratorImpl*>(at::TensorIteratorBase&, double, double, at::CUDAGeneratorImpl*)::{lambda()#1}::operator()() const::{lambda()#4}::operator()() const::{lambda(float)#1}>(at::TensorIteratorBase&, at::CUDAGeneratorImpl*, at::native::templates::cuda::uniform_and_transform<c10::BFloat16, float, at::CUDAGeneratorImpl*, at::native::templates::cuda::uniform_kernel<at::CUDAGeneratorImpl*>(at::TensorIteratorBase&, double, double, at::CUDAGeneratorImpl*)::{lambda()#1}::operator()() const::{lambda()#4}::operator()() const::{lambda(float)#1}>(at::TensorIteratorBase&, at::CUDAGeneratorImpl*, at::native::templates::cuda::uniform_kernel<at::CUDAGeneratorImpl*>(at::TensorIteratorBase&, double, double, at::CUDAGeneratorImpl*)::{lambda()#1}::operator()() const::{lambda()#4}::operator()() const::{lambda(float)#1})::{lambda(hiprandStatePhilox4_32_10*)#2} const&, at::native::templates::cuda::uniform_kernel<at::CUDAGeneratorImpl*>(at::TensorIteratorBase&, double, double, at::CUDAGeneratorImpl*)::{lambda()#1}::operator()() const::{lambda()#4}::operator()() const::{lambda(float)#1})::{lambda(int, float)#1})",42,152805,3638.214286,5.045e-04,1041,77145,11744.523782
"mxfp4_sgl_reduce_gfx1151",120,151083,1259.025000,4.988e-04,922,5169,534.736194
"void at::native::reduce_kernel<512, 1, at::native::ReduceOp<float, at::native::ArgMaxOps<float>, unsigned int, long, 4, 4> >(at::native::ReduceOp<float, at::native::ArgMaxOps<float>, unsigned int, long, 4, 4>)",7,95018,13574.000000,3.137e-04,12704,17473,1733.206181
"track_mamba_state_if_needed_kernel",60,87768,1462.800000,2.898e-04,842,5892,1127.099529
"void rocprim::ROCPRIM_400400_NS::detail::trampoline_kernel<rocprim::ROCPRIM_400400_NS::default_config, rocprim::ROCPRIM_400400_NS::detail::scan_config_selector<long>, rocprim::ROCPRIM_400400_NS::detail::scan_impl<(rocprim::ROCPRIM_400400_NS::detail::lookback_scan_determinism)0, false, false, rocprim::ROCPRIM_400400_NS::default_config, long const*, long*, long, std::plus<long>, long>(void*, unsigned long&, long const*, long*, long, unsigned long, std::plus<long>, ihipStream_t*, bool)::{lambda(auto:1, auto:2)#1}::operator()<std::integral_constant<bool, false>, std::integral_constant<bool, false> >(std::integral_constant<bool, false>, std::integral_constant<bool, false>) const::{lambda(auto:1)#2}, rocprim::ROCPRIM_400400_NS::detail::comp_target<(rocprim::ROCPRIM_400400_NS::detail::gen)9, (rocprim::ROCPRIM_400400_NS::detail::target_arch)1100, (rocprim::ROCPRIM_400400_NS::detail::gpu)3, (rocprim::ROCPRIM_400400_NS::detail::rep)0>, rocprim::ROCPRIM_400400_NS::detail::default_config_static_selector, (rocprim::ROCPRIM_400400_NS::arch::wavefront::target)0>(rocprim::ROCPRIM_400400_NS::detail::scan_impl<(rocprim::ROCPRIM_400400_NS::detail::lookback_scan_determinism)0, false, false, rocprim::ROCPRIM_400400_NS::default_config, long const*, long*, long, std::plus<long>, long>(void*, unsigned long&, long const*, long*, long, unsigned long, std::plus<long>, ihipStream_t*, bool)::{lambda(auto:1, auto:2)#1}::operator()<std::integral_constant<bool, false>, std::integral_constant<bool, false> >(std::integral_constant<bool, false>, std::integral_constant<bool, false>) const::{lambda(auto:1)#2})",22,84039,3819.954545,2.775e-04,2003,25327,5112.957400
"create_flashinfer_kv_indices_triton",7,83998,11999.714286,2.773e-04,1122,29897,11398.833240
"void at::native::index_elementwise_kernel<128, 4, at::native::gpu_index_kernel<at::native::index_kernel_impl<at::native::OpaqueType<8> >(at::TensorIteratorBase&, c10::ArrayRef<long>, c10::ArrayRef<long>)::{lambda(char*, char const*, long)#1}>(at::TensorIteratorBase&, c10::ArrayRef<long>, c10::ArrayRef<long>, at::native::index_kernel_impl<at::native::OpaqueType<8> >(at::TensorIteratorBase&, c10::ArrayRef<long>, c10::ArrayRef<long>)::{lambda(char*, char const*, long)#1} const&, bool)::{lambda(int)#1}>(long, at::native::gpu_index_kernel<at::native::index_kernel_impl<at::native::OpaqueType<8> >(at::TensorIteratorBase&, c10::ArrayRef<long>, c10::ArrayRef<long>)::{lambda(char*, char const*, long)#1}>(at::TensorIteratorBase&, c10::ArrayRef<long>, c10::ArrayRef<long>, at::native::index_kernel_impl<at::native::OpaqueType<8> >(at::TensorIteratorBase&, c10::ArrayRef<long>, c10::ArrayRef<long>)::{lambda(char*, char const*, long)#1} const&, bool)::{lambda(int)#1})",12,68609,5717.416667,2.265e-04,1723,16992,4578.976175
"void rocprim::ROCPRIM_400400_NS::detail::trampoline_kernel<rocprim::ROCPRIM_400400_NS::default_config, rocprim::ROCPRIM_400400_NS::detail::reduce_config_selector<bool>, rocprim::ROCPRIM_400400_NS::detail::reduce_impl<true, rocprim::ROCPRIM_400400_NS::default_config, hipcub::HIPCUB_400400_NS::TransformInputIterator<bool, at::native::(anonymous namespace)::NonZeroOp<bool>, bool const*, long>, int*, int, hipcub::HIPCUB_400400_NS::detail::convert_binary_result_type_wrapper<hipcub::HIPCUB_400400_NS::Sum, hipcub::HIPCUB_400400_NS::TransformInputIterator<bool, at::native::(anonymous namespace)::NonZeroOp<bool>, bool const*, long>, int> >(void*, unsigned long&, hipcub::HIPCUB_400400_NS::TransformInputIterator<bool, at::native::(anonymous namespace)::NonZeroOp<bool>, bool const*, long>, int*, int, unsigned long, hipcub::HIPCUB_400400_NS::detail::convert_binary_result_type_wrapper<hipcub::HIPCUB_400400_NS::Sum, hipcub::HIPCUB_400400_NS::TransformInputIterator<bool, at::native::(anonymous namespace)::NonZeroOp<bool>, bool const*, long>, int>, ihipStream_t*, bool)::{lambda(auto:1)#3}, rocprim::ROCPRIM_400400_NS::detail::comp_target<(rocprim::ROCPRIM_400400_NS::detail::gen)9, (rocprim::ROCPRIM_400400_NS::detail::target_arch)1100, (rocprim::ROCPRIM_400400_NS::detail::gpu)3, (rocprim::ROCPRIM_400400_NS::detail::rep)0>, rocprim::ROCPRIM_400400_NS::detail::default_config_static_selector, (rocprim::ROCPRIM_400400_NS::arch::wavefront::target)0>(rocprim::ROCPRIM_400400_NS::detail::reduce_impl<true, rocprim::ROCPRIM_400400_NS::default_config, hipcub::HIPCUB_400400_NS::TransformInputIterator<bool, at::native::(anonymous namespace)::NonZeroOp<bool>, bool const*, long>, int*, int, hipcub::HIPCUB_400400_NS::detail::convert_binary_result_type_wrapper<hipcub::HIPCUB_400400_NS::Sum, hipcub::HIPCUB_400400_NS::TransformInputIterator<bool, at::native::(anonymous namespace)::NonZeroOp<bool>, bool const*, long>, int> >(void*, unsigned long&, hipcub::HIPCUB_400400_NS::TransformInputIterator<bool, at::native::(anonymous namespace)::NonZeroOp<bool>, bool const*, long>, int*, int, unsigned long, hipcub::HIPCUB_400400_NS::detail::convert_binary_result_type_wrapper<hipcub::HIPCUB_400400_NS::Sum, hipcub::HIPCUB_400400_NS::TransformInputIterator<bool, at::native::(anonymous namespace)::NonZeroOp<bool>, bool const*, long>, int>, ihipStream_t*, bool)::{lambda(auto:1)#3})",8,61796,7724.500000,2.040e-04,2044,23324,7124.417209
"_fwd_kernel_stage2",20,60392,3019.600000,1.994e-04,1563,4448,1256.380658
"void at::native::elementwise_kernel_manual_unroll<128, 4, at::native::gpu_kernel_impl<at::native::CUDAFunctor_add<long> >(at::TensorIteratorBase&, at::native::CUDAFunctor_add<long> const&)::{lambda(int, bool)#1}>(int, at::native::gpu_kernel_impl<at::native::CUDAFunctor_add<long> >(at::TensorIteratorBase&, at::native::CUDAFunctor_add<long> const&)::{lambda(int, bool)#1})",8,57109,7138.625000,1.886e-04,1563,13706,4674.864916
"void at::native::(anonymous namespace)::CatArrayBatchedCopy_contig<at::native::(anonymous namespace)::OpaqueType<8u>, unsigned int, 1, 128, 1>(at::native::(anonymous namespace)::OpaqueType<8u>*, at::native::(anonymous namespace)::CatArrInputTensorMetadata<at::native::(anonymous namespace)::OpaqueType<8u>, unsigned int, 128, 1>, at::native::(anonymous namespace)::TensorSizeStride<unsigned int, 4u>, int, unsigned int)",8,55746,6968.250000,1.841e-04,1683,14948,4091.546747
"void at::native::(anonymous namespace)::multi_tensor_apply_kernel<at::native::(anonymous namespace)::TensorListMetadata<2>, at::native::(anonymous namespace)::UnaryOpFunctor<bool, 2, 1, 1>, at::native::Copy<bool, bool> >(at::native::(anonymous namespace)::TensorListMetadata<2>, at::native::(anonymous namespace)::UnaryOpFunctor<bool, 2, 1, 1>, at::native::Copy<bool, bool>)",7,54263,7751.857143,1.792e-04,2124,11662,4005.124444
"void at::native::elementwise_kernel_manual_unroll<128, 4, at::native::gpu_kernel_impl_nocast<at::native::direct_copy_kernel_cuda(at::TensorIteratorBase&)::{lambda()#3}::operator()() const::{lambda()#4}::operator()() const::{lambda(long)#1}>(at::TensorIteratorBase&, at::native::direct_copy_kernel_cuda(at::TensorIteratorBase&)::{lambda()#3}::operator()() const::{lambda()#4}::operator()() const::{lambda(long)#1} const&)::{lambda(int, bool)#1}>(int, at::native::gpu_kernel_impl_nocast<at::native::direct_copy_kernel_cuda(at::TensorIteratorBase&)::{lambda()#3}::operator()() const::{lambda()#4}::operator()() const::{lambda(long)#1}>(at::TensorIteratorBase&, at::native::direct_copy_kernel_cuda(at::TensorIteratorBase&)::{lambda()#3}::operator()() const::{lambda()#4}::operator()() const::{lambda(long)#1} const&)::{lambda(int, bool)#1})",8,50135,6266.875000,1.655e-04,1483,29095,9371.536502
"void rocprim::ROCPRIM_400400_NS::detail::trampoline_kernel<rocprim::ROCPRIM_400400_NS::default_config, rocprim::ROCPRIM_400400_NS::detail::partition_config_selector<(rocprim::ROCPRIM_400400_NS::detail::partition_subalgo)5, long, rocprim::ROCPRIM_400400_NS::empty_type, bool>, rocprim::ROCPRIM_400400_NS::detail::partition_impl<(rocprim::ROCPRIM_400400_NS::detail::partition_subalgo)5, false, rocprim::ROCPRIM_400400_NS::default_config, unsigned long, hipcub::HIPCUB_400400_NS::CountingInputIterator<long, long>, rocprim::ROCPRIM_400400_NS::empty_type*, hipcub::HIPCUB_400400_NS::TransformInputIterator<bool, at::native::(anonymous namespace)::NonZeroOp<bool>, bool const*, long>, rocprim::ROCPRIM_400400_NS::tuple<long*, rocprim::ROCPRIM_400400_NS::empty_type>, rocprim::ROCPRIM_400400_NS::tuple<rocprim::ROCPRIM_400400_NS::empty_type*, rocprim::ROCPRIM_400400_NS::empty_type*>, rocprim::ROCPRIM_400400_NS::empty_type, int*, rocprim::ROCPRIM_400400_NS::empty_type>(void*, unsigned long&, hipcub::HIPCUB_400400_NS::CountingInputIterator<long, long>, rocprim::ROCPRIM_400400_NS::empty_type*, hipcub::HIPCUB_400400_NS::TransformInputIterator<bool, at::native::(anonymous namespace)::NonZeroOp<bool>, bool const*, long>, rocprim::ROCPRIM_400400_NS::tuple<long*, rocprim::ROCPRIM_400400_NS::empty_type>, rocprim::ROCPRIM_400400_NS::tuple<rocprim::ROCPRIM_400400_NS::empty_type*, rocprim::ROCPRIM_400400_NS::empty_type*>, int*, unsigned long, rocprim::ROCPRIM_400400_NS::empty_type, ihipStream_t*, bool, rocprim::ROCPRIM_400400_NS::empty_type)::{lambda(auto:1, auto:2)#1}::operator()<std::integral_constant<bool, false>, std::integral_constant<bool, false> >(std::integral_constant<bool, false>, std::integral_constant<bool, false>) const::{lambda(auto:1)#1}, rocprim::ROCPRIM_400400_NS::detail::comp_target<(rocprim::ROCPRIM_400400_NS::detail::gen)9, (rocprim::ROCPRIM_400400_NS::detail::target_arch)1100, (rocprim::ROCPRIM_400400_NS::detail::gpu)3, (rocprim::ROCPRIM_400400_NS::detail::rep)0>, rocprim::ROCPRIM_400400_NS::detail::default_config_static_selector, (rocprim::ROCPRIM_400400_NS::arch::wavefront::target)0>(rocprim::ROCPRIM_400400_NS::detail::partition_impl<(rocprim::ROCPRIM_400400_NS::detail::partition_subalgo)5, false, rocprim::ROCPRIM_400400_NS::default_config, unsigned long, hipcub::HIPCUB_400400_NS::CountingInputIterator<long, long>, rocprim::ROCPRIM_400400_NS::empty_type*, hipcub::HIPCUB_400400_NS::TransformInputIterator<bool, at::native::(anonymous namespace)::NonZeroOp<bool>, bool const*, long>, rocprim::ROCPRIM_400400_NS::tuple<long*, rocprim::ROCPRIM_400400_NS::empty_type>, rocprim::ROCPRIM_400400_NS::tuple<rocprim::ROCPRIM_400400_NS::empty_type*, rocprim::ROCPRIM_400400_NS::empty_type*>, rocprim::ROCPRIM_400400_NS::empty_type, int*, rocprim::ROCPRIM_400400_NS::empty_type>(void*, unsigned long&, hipcub::HIPCUB_400400_NS::CountingInputIterator<long, long>, rocprim::ROCPRIM_400400_NS::empty_type*, hipcub::HIPCUB_400400_NS::TransformInputIterator<bool, at::native::(anonymous namespace)::NonZeroOp<bool>, bool const*, long>, rocprim::ROCPRIM_400400_NS::tuple<long*, rocprim::ROCPRIM_400400_NS::empty_type>, rocprim::ROCPRIM_400400_NS::tuple<rocprim::ROCPRIM_400400_NS::empty_type*, rocprim::ROCPRIM_400400_NS::empty_type*>, int*, unsigned long, rocprim::ROCPRIM_400400_NS::empty_type, ihipStream_t*, bool, rocprim::ROCPRIM_400400_NS::empty_type)::{lambda(auto:1, auto:2)#1}::operator()<std::integral_constant<bool, false>, std::integral_constant<bool, false> >(std::integral_constant<bool, false>, std::integral_constant<bool, false>) const::{lambda(auto:1)#1})",8,48693,6086.625000,1.608e-04,1723,9578,3628.005589
"void at::native::(anonymous namespace)::CatArrayBatchedCopy_contig<at::native::(anonymous namespace)::OpaqueType<2u>, unsigned int, 2, 128, 1>(at::native::(anonymous namespace)::OpaqueType<2u>*, at::native::(anonymous namespace)::CatArrInputTensorMetadata<at::native::(anonymous namespace)::OpaqueType<2u>, unsigned int, 128, 1>, at::native::(anonymous namespace)::TensorSizeStride<unsigned int, 4u>, int, unsigned int)",1,44324,44324.000000,1.463e-04,44324,44324,0.00000000e+00
"void at::native::vectorized_elementwise_kernel<4, at::native::CUDAFunctorOnSelf_add<int>, std::array<char*, 2ul> >(int, at::native::CUDAFunctorOnSelf_add<int>, std::array<char*, 2ul>)",24,40037,1668.208333,1.322e-04,1002,6251,1411.099262
"_fused_slot_clear_kernel",2,37712,18856.000000,1.245e-04,7054,30658,16690.548463
"void at::native::(anonymous namespace)::indexSelectSmallIndex<c10::BFloat16, long, unsigned int, 2, 2, -2>(at::cuda::detail::TensorInfo<c10::BFloat16, unsigned int>, at::cuda::detail::TensorInfo<c10::BFloat16 const, unsigned int>, at::cuda::detail::TensorInfo<long const, unsigned int>, int, int, unsigned int, long)",3,32702,10900.666667,1.080e-04,9057,12704,1823.834514
"compute_position_kernel",5,31930,6386.000000,1.054e-04,2805,16060,5723.827871
"Cijk_Ailk_Bljk_HHS_BH_MT128x128x16_MI16x16x16x1_SN_1LDSB0_AMAS3_BL1_BS1_EPS1_GLVWA8_GLVWB8_GRVW8_GSU1_GSUASB_ISA1151_IU1_K1_KLA_LBSPPA0_LBSPPB128_LPA0_LPB8_LRVW16_MIAV1_MMFGLC_NLCA1_NLCB1_PGR1_PLR0_SIA1_SS1_SU0_SUS0_SVW4_TT4_64_TLDS1_UMLDSA0_UMLDSB1_USFGROn1_VAW2_VSn1_VW4_VWB2_WSGRA1_WSGRB1_WS32_WG32_4_1_WGM1",1,30097,30097.000000,9.937e-05,30097,30097,0.00000000e+00
"void rocprim::ROCPRIM_400400_NS::detail::trampoline_kernel<rocprim::ROCPRIM_400400_NS::default_config, rocprim::ROCPRIM_400400_NS::detail::transform_config_selector<unsigned long, true>, rocprim::ROCPRIM_400400_NS::detail::transform_impl<true, rocprim::ROCPRIM_400400_NS::default_config, rocprim::ROCPRIM_400400_NS::detail::transform_config_selector<unsigned long, true>, unsigned long*, int*, rocprim::ROCPRIM_400400_NS::identity<void> >(unsigned long*, int*, unsigned long, rocprim::ROCPRIM_400400_NS::identity<void>, ihipStream_t*, bool)::{lambda(auto:1)#1}, rocprim::ROCPRIM_400400_NS::detail::comp_target<(rocprim::ROCPRIM_400400_NS::detail::gen)9, (rocprim::ROCPRIM_400400_NS::detail::target_arch)1100, (rocprim::ROCPRIM_400400_NS::detail::gpu)3, (rocprim::ROCPRIM_400400_NS::detail::rep)0>, rocprim::ROCPRIM_400400_NS::detail::default_config_static_selector, (rocprim::ROCPRIM_400400_NS::arch::wavefront::target)0>(rocprim::ROCPRIM_400400_NS::detail::transform_impl<true, rocprim::ROCPRIM_400400_NS::default_config, rocprim::ROCPRIM_400400_NS::detail::transform_config_selector<unsigned long, true>, unsigned long*, int*, rocprim::ROCPRIM_400400_NS::identity<void> >(unsigned long*, int*, unsigned long, rocprim::ROCPRIM_400400_NS::identity<void>, ihipStream_t*, bool)::{lambda(auto:1)#1})",8,24686,3085.750000,8.151e-05,1042,6332,2221.349831
"void at::native::vectorized_elementwise_kernel<4, at::native::(anonymous namespace)::launch_clamp_scalar(at::TensorIteratorBase&, c10::Scalar, c10::Scalar, at::native::detail::ClampLimits)::{lambda()#1}::operator()() const::{lambda()#4}::operator()() const::{lambda(long)#1}, std::array<char*, 2ul> >(int, at::native::(anonymous namespace)::launch_clamp_scalar(at::TensorIteratorBase&, c10::Scalar, c10::Scalar, at::native::detail::ClampLimits)::{lambda()#1}::operator()() const::{lambda()#4}::operator()() const::{lambda(long)#1}, std::array<char*, 2ul>)",4,23485,5871.250000,7.754e-05,5010,7895,1356.001321
"void rocprim::ROCPRIM_400400_NS::detail::init_lookback_scan_state_kernel<rocprim::ROCPRIM_400400_NS::detail::lookback_scan_state<unsigned long, false, true>, rocprim::ROCPRIM_400400_NS::detail::block_id_wrapper<unsigned int, false> >(rocprim::ROCPRIM_400400_NS::detail::lookback_scan_state<unsigned long, false, true>, unsigned int, rocprim::ROCPRIM_400400_NS::detail::block_id_wrapper<unsigned int, false>, unsigned int, rocprim::ROCPRIM_400400_NS::detail::lookback_scan_state<unsigned long, false, true>::value_type*)",8,23285,2910.625000,7.688e-05,1042,5410,1928.859614
"void at::native::elementwise_kernel_manual_unroll<128, 4, at::native::gpu_kernel_impl_nocast<at::native::CUDAFunctor_add<long> >(at::TensorIteratorBase&, at::native::CUDAFunctor_add<long> const&)::{lambda(int, bool)#1}>(int, at::native::gpu_kernel_impl_nocast<at::native::CUDAFunctor_add<long> >(at::TensorIteratorBase&, at::native::CUDAFunctor_add<long> const&)::{lambda(int, bool)#1})",4,22873,5718.250000,7.552e-05,5009,7444,1165.888038
"void at::native::vectorized_elementwise_kernel<4, at::native::BUnaryFunctor<int, int, int, at::native::binary_internal::div_floor_kernel_cuda(at::TensorIteratorBase&)::{lambda()#1}::operator()() const::{lambda()#3}::operator()() const::{lambda(int, int)#1}>, std::array<char*, 2ul> >(int, at::native::BUnaryFunctor<int, int, int, at::native::binary_internal::div_floor_kernel_cuda(at::TensorIteratorBase&)::{lambda()#1}::operator()() const::{lambda()#3}::operator()() const::{lambda(int, int)#1}>, std::array<char*, 2ul>)",11,20840,1894.545455,6.881e-05,1242,7013,1700.747974
"void at::native::unrolled_elementwise_kernel<at::native::CUDAFunctorOnSelf_add<int>, std::array<char*, 2ul>, 4, TrivialOffsetCalculator<1, unsigned int>, TrivialOffsetCalculator<1, unsigned int>, at::native::memory::LoadWithoutCast, at::native::memory::StoreWithoutCast>(int, at::native::CUDAFunctorOnSelf_add<int>, std::array<char*, 2ul>, TrivialOffsetCalculator<1, unsigned int>, TrivialOffsetCalculator<1, unsigned int>, at::native::memory::LoadWithoutCast, at::native::memory::StoreWithoutCast)",4,20458,5114.500000,6.755e-05,4969,5510,264.323665
"void (anonymous namespace)::elementwise_kernel_with_index<int, at::native::arange_cuda_out(c10::Scalar const&, c10::Scalar const&, c10::Scalar const&, at::Tensor&)::{lambda()#1}::operator()() const::{lambda()#7}::operator()() const::{lambda(long)#1}>(int, at::native::arange_cuda_out(c10::Scalar const&, c10::Scalar const&, c10::Scalar const&, at::Tensor&)::{lambda()#1}::operator()() const::{lambda()#7}::operator()() const::{lambda(long)#1}, function_traits<at::native::arange_cuda_out(c10::Scalar const&, c10::Scalar const&, c10::Scalar const&, at::Tensor&)::{lambda()#1}::operator()() const::{lambda()#7}::operator()() const::{lambda(long)#1}>::result_type*)",5,20198,4039.600000,6.669e-05,1563,6252,1969.067622
"void at::native::reduce_kernel<128, 4, at::native::ReduceOp<long, at::native::func_wrapper_t<long, at::native::sum_functor<long, long, long>::operator()(at::TensorIterator&)::{lambda(long, long)#2}>, unsigned int, long, 4, 4> >(at::native::ReduceOp<long, at::native::func_wrapper_t<long, at::native::sum_functor<long, long, long>::operator()(at::TensorIterator&)::{lambda(long, long)#2}>, unsigned int, long, 4, 4>)",1,16671,16671.000000,5.504e-05,16671,16671,0.00000000e+00
"void at::native::elementwise_kernel_manual_unroll<128, 4, at::native::gpu_kernel_impl<at::native::(anonymous namespace)::pow_tensor_tensor_kernel(at::TensorIteratorBase&)::{lambda()#1}::operator()() const::{lambda()#7}::operator()() const::{lambda(float, float)#1}>(at::TensorIteratorBase&, at::native::(anonymous namespace)::pow_tensor_tensor_kernel(at::TensorIteratorBase&)::{lambda()#1}::operator()() const::{lambda()#7}::operator()() const::{lambda(float, float)#1} const&)::{lambda(int, bool)#2}>(int, at::native::gpu_kernel_impl<at::native::(anonymous namespace)::pow_tensor_tensor_kernel(at::TensorIteratorBase&)::{lambda()#1}::operator()() const::{lambda()#7}::operator()() const::{lambda(float, float)#1}>(at::TensorIteratorBase&, at::native::(anonymous namespace)::pow_tensor_tensor_kernel(at::TensorIteratorBase&)::{lambda()#1}::operator()() const::{lambda()#7}::operator()() const::{lambda(float, float)#1} const&)::{lambda(int, bool)#2})",2,15830,7915.000000,5.227e-05,4048,11782,5468.763846
"void (anonymous namespace)::elementwise_kernel_with_index<int, at::native::arange_cuda_out(c10::Scalar const&, c10::Scalar const&, c10::Scalar const&, at::Tensor&)::{lambda()#1}::operator()() const::{lambda()#3}::operator()() const::{lambda(long)#1}>(int, at::native::arange_cuda_out(c10::Scalar const&, c10::Scalar const&, c10::Scalar const&, at::Tensor&)::{lambda()#1}::operator()() const::{lambda()#3}::operator()() const::{lambda(long)#1}, function_traits<at::native::arange_cuda_out(c10::Scalar const&, c10::Scalar const&, c10::Scalar const&, at::Tensor&)::{lambda()#1}::operator()() const::{lambda()#3}::operator()() const::{lambda(long)#1}>::result_type*)",3,12865,4288.333333,4.248e-05,882,7013,3121.825161
"get_num_kv_splits_triton",2,12824,6412.000000,4.234e-05,1804,11020,6516.696095
"void at::native::_scatter_gather_elementwise_kernel<256, 4, at::native::_cuda_scatter_gather_internal_kernel<false, at::native::OpaqueType<8>, long>::operator()<at::native::TensorAssign>(at::TensorIterator&, long, long, long, at::native::TensorAssign const&)::{lambda(int)#1}>(int, at::native::_cuda_scatter_gather_internal_kernel<false, at::native::OpaqueType<8>, long>::operator()<at::native::TensorAssign>(at::TensorIterator&, long, long, long, at::native::TensorAssign const&)::{lambda(int)#1})",2,12423,6211.500000,4.102e-05,2324,10099,5497.755224
"void at::native::(anonymous namespace)::CatArrayBatchedCopy_contig<at::native::(anonymous namespace)::OpaqueType<4u>, unsigned int, 1, 128, 1>(at::native::(anonymous namespace)::OpaqueType<4u>*, at::native::(anonymous namespace)::CatArrInputTensorMetadata<at::native::(anonymous namespace)::OpaqueType<4u>, unsigned int, 128, 1>, at::native::(anonymous namespace)::TensorSizeStride<unsigned int, 4u>, int, unsigned int)",5,11702,2340.400000,3.864e-05,2164,2605,197.697496
"void at::native::vectorized_elementwise_kernel<4, at::native::AUnaryFunctor<float, float, float, at::native::binary_internal::MulFunctor<float> >, std::array<char*, 2ul> >(int, at::native::AUnaryFunctor<float, float, float, at::native::binary_internal::MulFunctor<float> >, std::array<char*, 2ul>)",2,8656,4328.000000,2.858e-05,1563,7093,3910.300500
"void (anonymous namespace)::clamp_position_kernel<long>(long*, long const*, unsigned long)",2,8537,4268.500000,2.819e-05,1243,7294,4278.703133
"void at::native::vectorized_elementwise_kernel<4, at::native::reciprocal_kernel_cuda(at::TensorIteratorBase&)::{lambda()#1}::operator()() const::{lambda()#2}::operator()() const::{lambda(float)#1}, std::array<char*, 2ul> >(int, at::native::reciprocal_kernel_cuda(at::TensorIteratorBase&)::{lambda()#1}::operator()() const::{lambda()#2}::operator()() const::{lambda(float)#1}, std::array<char*, 2ul>)",2,8055,4027.500000,2.660e-05,1242,6813,3939.291878
"void at::native::vectorized_elementwise_kernel<4, at::native::BUnaryFunctor<float, float, float, at::native::binary_internal::MulFunctor<float> >, std::array<char*, 2ul> >(int, at::native::BUnaryFunctor<float, float, float, at::native::binary_internal::MulFunctor<float> >, std::array<char*, 2ul>)",2,7774,3887.000000,2.567e-05,1122,6652,3910.300500
"void at::native::unrolled_elementwise_kernel<at::native::CUDAFunctor_add<int>, std::array<char*, 3ul>, 4, TrivialOffsetCalculator<2, unsigned int>, TrivialOffsetCalculator<1, unsigned int>, at::native::memory::LoadWithoutCast, at::native::memory::StoreWithoutCast>(int, at::native::CUDAFunctor_add<int>, std::array<char*, 3ul>, TrivialOffsetCalculator<2, unsigned int>, TrivialOffsetCalculator<1, unsigned int>, at::native::memory::LoadWithoutCast, at::native::memory::StoreWithoutCast)",5,7254,1450.800000,2.395e-05,1242,2124,378.503236
"void at::native::vectorized_elementwise_kernel<4, at::native::FillFunctor<double>, std::array<char*, 1ul> >(int, at::native::FillFunctor<double>, std::array<char*, 1ul>)",1,6692,6692.000000,2.210e-05,6692,6692,0.00000000e+00
"void at::native::vectorized_elementwise_kernel<4, at::native::CUDAFunctor_add<int>, std::array<char*, 3ul> >(int, at::native::CUDAFunctor_add<int>, std::array<char*, 3ul>)",5,5891,1178.200000,1.945e-05,1082,1363,134.804303
"void at::native::vectorized_elementwise_kernel<8, at::native::FillFunctor<c10::Half>, std::array<char*, 1ul> >(int, at::native::FillFunctor<c10::Half>, std::array<char*, 1ul>)",2,3326,1663.000000,1.098e-05,1082,2244,821.658080
